study_hours,attendance,previous_marks,assignment_score,sleep_hours,internet_access,extracurricular,result
7,73,99,61,6,No,Yes,Pass
4,72,57,96,8,Yes,No,Pass
8,57,55,96,6,Yes,No,Pass
5,96,54,57,8,Yes,No,Pass
7,86,41,73,8,No,No,Pass
3,52,34,70,6,No,No,Fail
7,100,77,92,5,No,No,Pass
8,82,66,52,7,Yes,Yes,Pass
5,77,73,77,4,No,No,Pass
4,96,44,61,9,Yes,Yes,Pass
8,57,72,86,7,Yes,No,Pass
8,83,77,62,4,Yes,No,Pass
3,84,99,53,4,No,No,Pass
6,81,75,68,8,No,Yes,Pass
5,73,72,63,4,No,Yes,Pass
2,63,50,85,9,No,No,Fail
8,81,52,57,4,Yes,Yes,Pass
6,95,76,66,6,No,No,Pass
2,92,44,36,7,Yes,No,Fail
5,65,54,97,6,No,Yes,Pass
1,53,65,66,9,No,Yes,Fail
6,86,80,85,4,No,Yes,Pass
9,70,44,94,9,Yes,Yes,Pass
1,63,97,94,8,Yes,No,Pass
3,80,50,76,6,Yes,Yes,Pass
7,97,42,49,6,Yes,Yes,Pass
4,67,48,48,5,Yes,No,Fail
9,56,63,58,4,No,Yes,Pass
3,59,97,89,8,Yes,Yes,Pass
5,56,81,47,6,Yes,Yes,Pass
3,82,56,64,6,Yes,Yes,Pass
7,72,58,72,8,Yes,No,Pass
5,70,57,40,9,No,No,Pass
9,68,64,78,9,Yes,Yes,Pass
7,97,37,67,4,No,Yes,Pass
2,68,45,93,5,No,No,Fail
4,85,65,98,6,No,Yes,Pass
9,78,59,37,5,Yes,Yes,Pass
2,67,47,63,9,No,Yes,Fail
9,51,31,77,9,Yes,Yes,Pass
5,50,78,85,7,Yes,Yes,Pass
2,96,33,94,4,Yes,Yes,Pass
4,54,36,60,7,Yes,Yes,Fail
7,69,68,33,7,Yes,Yes,Pass
8,60,42,79,7,No,Yes,Pass
3,91,60,98,4,No,No,Pass
1,51,100,59,4,Yes,No,Pass
4,52,92,88,8,No,No,Pass
2,72,85,96,5,Yes,Yes,Pass
8,61,71,74,5,No,Yes,Pass
4,69,90,33,8,No,No,Pass
2,54,71,55,8,No,Yes,Fail
6,86,85,56,9,No,No,Pass
6,87,65,75,7,No,Yes,Pass
4,79,97,93,8,Yes,No,Pass
6,58,36,80,6,Yes,No,Pass
2,83,83,79,5,No,No,Pass
2,93,30,35,8,Yes,Yes,Fail
4,84,73,88,6,No,No,Pass
8,71,74,44,6,Yes,Yes,Pass
7,93,76,59,6,No,Yes,Pass
9,73,42,71,9,No,Yes,Pass
8,66,51,66,9,No,Yes,Pass
5,59,50,71,6,Yes,Yes,Pass
2,79,38,64,9,Yes,Yes,Fail
5,95,55,35,7,No,Yes,Pass
8,72,38,97,6,No,No,Pass
9,81,44,47,7,Yes,No,Pass
9,66,39,58,7,Yes,No,Pass
1,99,71,88,6,Yes,Yes,Pass
9,100,53,76,5,Yes,Yes,Pass
7,66,78,46,6,Yes,Yes,Pass
9,63,55,51,6,No,Yes,Pass
8,58,66,97,9,Yes,No,Pass
1,89,97,98,6,No,Yes,Pass
8,51,79,66,5,No,No,Pass
8,94,53,78,9,Yes,Yes,Pass
3,74,48,42,4,Yes,No,Fail
1,88,89,63,4,No,Yes,Pass
8,58,68,82,7,Yes,No,Pass
3,71,47,80,7,No,Yes,Pass
3,92,48,32,5,Yes,No,Fail
1,95,65,71,8,Yes,Yes,Pass
5,53,84,61,4,Yes,No,Pass
7,75,98,80,7,No,No,Pass
9,78,76,75,4,Yes,Yes,Pass
7,94,78,50,5,No,No,Pass
9,83,62,73,5,Yes,Yes,Pass
8,72,50,40,8,No,Yes,Pass
2,86,51,97,8,Yes,Yes,Pass
1,60,77,30,9,No,No,Fail
7,55,66,92,5,No,No,Pass
7,67,44,53,7,No,Yes,Pass
8,70,64,42,4,No,Yes,Pass
5,91,100,40,6,No,No,Pass
3,85,61,80,8,No,No,Pass
8,90,40,46,6,Yes,No,Pass
6,87,39,53,7,No,Yes,Pass
3,83,86,48,8,No,Yes,Pass
1,66,54,66,6,No,Yes,Fail
3,86,31,37,7,Yes,Yes,Fail
5,74,93,57,4,Yes,Yes,Pass
3,87,64,34,7,Yes,No,Pass
1,61,36,46,9,No,Yes,Fail
5,72,47,65,8,Yes,No,Pass
7,91,96,48,5,Yes,No,Pass
7,71,71,93,4,No,Yes,Pass
9,70,68,40,6,No,No,Pass
3,76,70,83,8,Yes,Yes,Pass
7,80,53,74,5,No,No,Pass
1,55,89,76,7,No,Yes,Pass
4,76,75,41,5,No,Yes,Pass
4,89,48,50,8,No,No,Pass
5,83,97,40,8,Yes,Yes,Pass
7,61,71,34,9,No,No,Pass
7,94,61,85,9,Yes,Yes,Pass
4,56,68,49,5,Yes,Yes,Pass
7,59,65,70,7,Yes,Yes,Pass
3,94,65,75,5,Yes,No,Pass
6,66,32,41,8,No,No,Pass
2,75,37,99,8,No,Yes,Fail
9,70,99,46,6,No,No,Pass
5,77,70,48,9,Yes,Yes,Pass
6,95,97,55,6,Yes,No,Pass
4,51,42,77,4,Yes,No,Fail
7,92,78,81,8,No,Yes,Pass
9,50,89,99,6,Yes,Yes,Pass
7,100,31,84,5,No,Yes,Pass
1,85,89,62,9,No,Yes,Pass
1,100,34,91,9,No,Yes,Fail
9,75,73,52,7,No,No,Pass
9,78,56,44,5,Yes,No,Pass
4,70,61,56,7,No,Yes,Pass
9,60,50,93,6,Yes,Yes,Pass
3,89,37,80,4,No,Yes,Pass
7,60,79,82,5,Yes,No,Pass
6,85,96,80,5,Yes,Yes,Pass
8,98,73,76,5,No,Yes,Pass
9,88,87,33,7,No,No,Pass
5,89,32,36,6,No,No,Pass
1,84,99,64,5,Yes,No,Pass
3,83,31,77,5,No,No,Fail
8,96,73,74,9,No,Yes,Pass
6,73,31,48,4,Yes,No,Pass
8,71,64,92,9,No,No,Pass
9,54,59,67,9,Yes,Yes,Pass
4,82,37,96,4,No,Yes,Pass
1,85,51,88,6,Yes,Yes,Fail
1,96,73,98,9,Yes,No,Pass
4,69,87,42,6,No,Yes,Pass
7,68,65,76,9,Yes,No,Pass
2,84,98,90,8,No,No,Pass
3,92,60,60,4,No,No,Pass
1,66,76,51,9,Yes,Yes,Fail
5,94,84,72,8,No,No,Pass
1,92,91,96,7,Yes,Yes,Pass
8,83,59,83,8,Yes,Yes,Pass
1,58,84,39,5,Yes,Yes,Fail
1,75,45,71,9,Yes,No,Fail
2,51,41,93,8,Yes,No,Fail
2,58,46,50,6,Yes,No,Fail
6,58,45,95,7,Yes,Yes,Pass
7,89,41,70,9,Yes,No,Pass
5,66,37,53,5,No,No,Pass
1,50,32,64,8,No,No,Fail
1,74,45,85,7,Yes,No,Fail
3,92,59,59,9,No,No,Pass
2,89,52,86,7,No,Yes,Pass
5,91,34,76,5,No,Yes,Pass
6,74,94,64,8,No,Yes,Pass
7,88,59,48,7,No,Yes,Pass
4,84,50,37,7,No,No,Pass
7,52,99,55,4,Yes,Yes,Pass
8,99,51,100,7,No,No,Pass
1,86,61,59,4,No,Yes,Fail
6,93,62,36,8,No,Yes,Pass
8,93,45,96,9,No,Yes,Pass
5,100,67,94,9,Yes,No,Pass
4,79,43,65,8,Yes,No,Pass
2,87,65,54,8,Yes,Yes,Pass
6,83,52,66,6,Yes,No,Pass
6,61,95,30,8,No,Yes,Pass
1,68,31,44,7,Yes,Yes,Fail
9,86,94,66,9,Yes,Yes,Pass
6,93,96,42,5,Yes,No,Pass
3,98,81,37,9,Yes,Yes,Pass
4,66,91,34,4,No,Yes,Pass
4,59,52,89,9,Yes,Yes,Pass
3,98,55,30,6,No,No,Pass
3,96,97,65,8,Yes,Yes,Pass
3,61,84,64,8,No,No,Pass
4,65,35,95,9,No,Yes,Pass
7,73,64,92,5,Yes,No,Pass
4,68,51,52,5,Yes,Yes,Pass
9,57,72,38,6,Yes,Yes,Pass
1,80,44,63,4,Yes,No,Fail
8,70,89,75,9,No,No,Pass
7,66,41,33,8,No,Yes,Pass
2,72,78,59,9,Yes,No,Pass
8,86,71,32,6,Yes,Yes,Pass
1,65,67,43,7,No,Yes,Fail
9,55,74,89,7,Yes,Yes,Pass
9,57,64,74,6,No,No,Pass
2,74,59,63,8,Yes,Yes,Fail
7,67,59,74,6,No,No,Pass
3,74,35,90,8,No,Yes,Fail
7,61,96,45,5,No,No,Pass
9,64,36,95,6,No,No,Pass
4,75,81,69,8,No,Yes,Pass
1,90,43,46,6,Yes,No,Fail
2,94,44,63,6,No,Yes,Fail
1,75,50,45,8,Yes,Yes,Fail
5,96,64,89,8,No,Yes,Pass
5,81,95,95,4,No,Yes,Pass
7,59,31,95,6,Yes,Yes,Pass
9,65,64,42,7,Yes,No,Pass
9,56,49,85,6,Yes,Yes,Pass
3,66,39,60,6,Yes,No,Fail
3,72,54,63,8,No,No,Pass
3,75,95,68,6,Yes,Yes,Pass
4,70,54,96,9,No,No,Pass
8,71,83,37,6,Yes,Yes,Pass
6,56,62,84,9,Yes,No,Pass
8,63,65,56,7,No,No,Pass
1,64,43,82,8,No,No,Fail
8,56,94,68,6,Yes,Yes,Pass
4,58,83,94,9,No,No,Pass
1,100,81,46,9,No,Yes,Pass
8,97,32,59,9,No,No,Pass
4,57,70,82,5,No,No,Pass
6,99,35,42,4,No,No,Pass
8,72,54,50,7,No,No,Pass
4,78,42,48,6,No,Yes,Fail
3,67,37,82,5,No,Yes,Fail
9,80,50,48,6,Yes,No,Pass
3,79,97,86,6,No,No,Pass
9,88,54,54,8,Yes,Yes,Pass
2,84,97,60,8,No,Yes,Pass
2,67,74,84,8,No,Yes,Pass
2,91,89,52,5,No,Yes,Pass
6,88,41,61,6,No,No,Pass
3,66,61,91,4,Yes,No,Pass
9,63,42,39,7,Yes,Yes,Pass
4,80,60,83,8,No,Yes,Pass
1,73,49,81,8,Yes,Yes,Fail
4,84,47,49,6,No,Yes,Pass
1,93,89,61,6,No,Yes,Pass
5,94,92,43,5,Yes,Yes,Pass
4,83,35,79,5,Yes,No,Pass
8,52,61,57,8,No,No,Pass
8,86,72,82,6,No,No,Pass
7,92,31,53,4,Yes,Yes,Pass
3,89,89,51,7,No,Yes,Pass
1,75,52,59,6,Yes,Yes,Fail
1,72,60,92,6,No,No,Fail
3,93,34,33,9,No,Yes,Fail
6,88,63,88,5,Yes,Yes,Pass
7,64,39,37,7,Yes,No,Pass
6,98,31,41,8,Yes,Yes,Pass
6,53,40,60,6,No,No,Pass
6,78,79,63,8,No,No,Pass
3,71,60,78,6,No,Yes,Pass
6,74,85,86,8,No,No,Pass
8,62,38,55,7,Yes,Yes,Pass
2,67,50,47,5,No,No,Fail
5,82,57,67,7,No,Yes,Pass
1,65,91,79,9,No,No,Pass
1,94,36,37,4,Yes,Yes,Fail
5,91,45,70,5,No,No,Pass
3,93,33,35,7,No,No,Fail
4,51,33,98,9,Yes,No,Fail
3,84,69,73,4,No,Yes,Pass
1,91,46,93,9,No,Yes,Fail
1,83,81,58,6,Yes,No,Pass
5,79,81,57,6,No,Yes,Pass
6,62,65,40,8,No,No,Pass
3,62,67,94,5,No,Yes,Pass
9,67,79,48,6,Yes,No,Pass
5,81,92,38,9,No,Yes,Pass
8,81,92,56,5,No,No,Pass
1,84,91,63,6,Yes,No,Pass
5,88,36,73,8,Yes,No,Pass
3,95,56,97,7,No,No,Pass
1,78,43,44,8,No,Yes,Fail
4,98,100,80,4,No,No,Pass
5,78,34,42,6,No,Yes,Pass
7,93,84,78,4,Yes,Yes,Pass
1,65,31,99,4,No,No,Fail
3,93,91,85,9,Yes,Yes,Pass
2,96,50,80,5,Yes,Yes,Pass
9,59,50,66,9,No,Yes,Pass
6,79,39,46,6,No,No,Pass
3,74,87,87,4,Yes,Yes,Pass
8,88,68,58,7,Yes,Yes,Pass
8,69,34,62,4,No,No,Pass
2,54,94,89,7,Yes,No,Pass
6,50,42,84,9,No,Yes,Pass
7,79,82,39,9,No,No,Pass
2,98,74,76,5,Yes,Yes,Pass
2,52,61,52,4,Yes,Yes,Fail
1,94,65,50,8,No,Yes,Fail
8,63,89,42,9,Yes,No,Pass
1,79,40,62,9,No,Yes,Fail
9,99,92,53,5,No,No,Pass
6,53,50,40,7,No,No,Pass
7,67,81,46,5,Yes,Yes,Pass
7,86,84,97,4,No,No,Pass
3,74,55,76,6,No,No,Pass
2,97,97,54,6,No,No,Pass
9,50,63,50,7,No,No,Pass
8,95,81,41,9,No,No,Pass
7,64,81,66,7,No,Yes,Pass
9,58,58,71,9,No,No,Pass
4,64,67,46,9,No,Yes,Pass
4,98,71,77,6,No,Yes,Pass
1,73,50,57,7,No,Yes,Fail
8,53,71,70,5,No,Yes,Pass
3,61,42,76,9,Yes,Yes,Fail
7,86,93,47,8,No,Yes,Pass
2,86,46,100,8,No,No,Pass
2,92,38,42,5,No,No,Fail
7,55,70,42,8,Yes,No,Pass
6,88,30,60,4,No,Yes,Pass
3,95,31,31,9,Yes,No,Fail
9,73,89,45,5,No,No,Pass
6,60,77,38,7,No,No,Pass
6,62,58,67,9,Yes,Yes,Pass
1,83,39,83,5,No,No,Fail
4,74,87,85,6,Yes,Yes,Pass
6,56,89,74,7,Yes,No,Pass
6,53,50,63,6,No,Yes,Pass
5,57,57,38,9,No,Yes,Pass
1,69,63,37,7,No,Yes,Fail
8,78,37,36,8,No,No,Pass
5,100,88,65,5,Yes,No,Pass
5,94,78,47,9,Yes,Yes,Pass
7,95,46,32,4,No,No,Pass
4,59,89,57,7,Yes,Yes,Pass
6,92,74,99,7,Yes,Yes,Pass
4,83,98,73,9,No,No,Pass
3,75,61,50,9,Yes,No,Pass
7,90,73,57,6,Yes,No,Pass
8,98,94,83,8,No,Yes,Pass
4,52,37,83,6,Yes,Yes,Fail
2,55,72,94,6,No,No,Pass
3,54,30,50,8,Yes,Yes,Fail
1,54,80,42,4,No,No,Fail
8,96,53,86,6,Yes,Yes,Pass
3,72,53,78,6,Yes,No,Pass
7,98,46,83,7,No,No,Pass
5,58,34,39,8,No,Yes,Fail
5,84,49,82,5,No,No,Pass
7,69,50,73,4,No,No,Pass
9,98,87,76,4,Yes,Yes,Pass
5,91,60,82,8,Yes,No,Pass
1,84,40,75,9,Yes,Yes,Fail
1,99,81,42,9,No,No,Pass
2,67,44,66,7,Yes,Yes,Fail
6,66,36,53,7,Yes,No,Pass
9,73,57,31,8,No,No,Pass
8,52,80,43,7,No,No,Pass
5,81,87,39,4,Yes,No,Pass
1,84,34,64,4,No,Yes,Fail
7,87,34,54,5,Yes,Yes,Pass
5,62,37,32,9,Yes,Yes,Fail
6,96,93,46,8,No,Yes,Pass
7,74,39,41,6,Yes,Yes,Pass
3,58,67,83,9,No,Yes,Pass
3,53,37,53,6,No,Yes,Fail
5,63,54,58,5,Yes,No,Pass
6,86,95,72,5,Yes,No,Pass
9,83,79,54,7,Yes,No,Pass
5,60,96,89,5,No,No,Pass
1,90,78,94,5,Yes,Yes,Pass
4,52,65,57,6,No,Yes,Pass
5,77,97,45,7,No,Yes,Pass
5,78,70,76,5,Yes,No,Pass
7,58,91,87,9,No,Yes,Pass
4,52,39,56,5,Yes,No,Fail
1,74,50,82,7,Yes,Yes,Fail
5,83,65,71,8,Yes,Yes,Pass
7,61,41,88,7,Yes,Yes,Pass
6,91,31,76,6,Yes,Yes,Pass
5,58,42,63,8,Yes,No,Pass
4,64,82,66,9,Yes,No,Pass
2,89,61,35,4,No,Yes,Fail
4,74,45,36,7,Yes,No,Fail
3,54,61,54,6,No,Yes,Fail
1,60,61,62,9,No,Yes,Fail
8,83,40,84,8,No,Yes,Pass
5,73,39,87,9,Yes,Yes,Pass
4,64,44,36,7,No,No,Fail
8,87,46,86,5,No,Yes,Pass
7,57,69,41,7,Yes,Yes,Pass
2,54,47,45,4,Yes,No,Fail
1,97,84,72,7,No,Yes,Pass
4,75,54,36,8,Yes,No,Pass
8,67,88,80,8,Yes,Yes,Pass
2,55,51,61,7,Yes,Yes,Fail
3,86,59,37,8,Yes,Yes,Pass
1,97,73,74,5,No,Yes,Pass
1,62,61,88,9,Yes,Yes,Fail
3,77,80,33,7,Yes,Yes,Pass
5,54,75,96,5,Yes,No,Pass
3,62,50,58,9,No,Yes,Fail
1,66,61,58,9,No,No,Fail
1,99,68,57,5,Yes,No,Pass
8,89,41,73,6,Yes,Yes,Pass
2,94,76,33,7,No,No,Pass
3,81,47,38,9,Yes,Yes,Fail
2,78,50,34,9,Yes,No,Fail
3,100,42,85,8,No,Yes,Pass
7,52,50,79,9,Yes,No,Pass
1,89,37,44,5,Yes,No,Fail
8,83,75,61,9,No,Yes,Pass
2,89,36,57,6,No,No,Fail
3,76,52,51,7,Yes,Yes,Fail
9,62,51,46,7,No,Yes,Pass
7,94,51,88,9,Yes,Yes,Pass
4,82,58,100,4,Yes,Yes,Pass
5,55,42,86,4,Yes,Yes,Pass
2,73,31,55,5,No,No,Fail
8,68,58,54,4,No,No,Pass
4,65,81,39,5,Yes,No,Pass
9,89,56,74,8,Yes,Yes,Pass
5,77,79,40,5,No,No,Pass
9,82,52,82,4,No,No,Pass
4,97,73,97,9,No,No,Pass
5,90,51,57,8,Yes,No,Pass
9,62,72,94,4,No,No,Pass
8,92,66,78,5,No,Yes,Pass
3,94,90,76,6,Yes,Yes,Pass
1,74,85,81,7,Yes,No,Pass
3,91,32,83,4,Yes,Yes,Pass
4,85,92,89,5,No,Yes,Pass
2,76,48,86,8,Yes,No,Fail
1,87,52,76,4,Yes,No,Fail
7,56,58,60,4,Yes,Yes,Pass
8,54,59,75,7,Yes,No,Pass
7,92,68,55,5,No,Yes,Pass
5,94,54,34,6,Yes,Yes,Pass
1,100,37,81,8,No,No,Fail
7,80,87,83,5,No,Yes,Pass
7,72,45,62,8,No,Yes,Pass
9,91,30,79,4,Yes,Yes,Pass
3,59,34,67,7,No,No,Fail
9,81,32,56,7,Yes,No,Pass
1,92,94,44,9,Yes,No,Pass
1,79,33,90,6,Yes,No,Fail
4,88,93,50,7,No,Yes,Pass
9,80,39,75,4,Yes,No,Pass
6,67,50,98,6,Yes,No,Pass
3,85,75,35,5,Yes,No,Pass
1,51,56,67,7,No,No,Fail
4,63,95,91,6,No,Yes,Pass
9,62,70,91,4,No,Yes,Pass
3,78,42,75,9,Yes,Yes,Pass
9,61,38,42,8,No,No,Pass
7,88,65,32,8,Yes,No,Pass
4,51,87,35,4,Yes,Yes,Pass
3,81,83,37,4,No,No,Pass
5,62,41,73,8,Yes,No,Pass
5,95,43,62,9,No,Yes,Pass
3,76,63,79,6,Yes,Yes,Pass
9,98,82,40,8,No,No,Pass
4,90,49,57,4,Yes,No,Pass
5,66,45,99,7,Yes,No,Pass
4,89,99,70,5,Yes,Yes,Pass
5,80,85,45,9,Yes,Yes,Pass
7,83,87,97,9,Yes,Yes,Pass
9,73,33,77,7,No,Yes,Pass
7,94,33,85,7,Yes,No,Pass
5,84,49,93,4,No,Yes,Pass
7,97,39,88,8,No,Yes,Pass
5,55,53,91,6,No,No,Pass
3,68,55,40,9,Yes,No,Fail
7,79,66,47,9,Yes,No,Pass
2,56,83,48,7,Yes,Yes,Fail
9,59,50,84,8,No,No,Pass
1,90,67,55,9,Yes,No,Fail
6,81,75,35,6,Yes,Yes,Pass
7,83,33,33,7,No,Yes,Pass
8,77,89,58,6,No,No,Pass
9,64,86,88,8,No,Yes,Pass
2,79,74,46,9,No,No,Pass
2,86,49,72,5,No,No,Fail
5,78,46,95,9,No,Yes,Pass
5,71,100,63,8,Yes,No,Pass
6,53,33,37,9,No,Yes,Fail
3,69,43,42,9,Yes,Yes,Fail
8,81,32,37,4,Yes,Yes,Pass
1,85,87,94,9,Yes,No,Pass
6,99,84,72,9,No,Yes,Pass
4,53,33,68,6,Yes,Yes,Fail
1,76,53,88,5,No,No,Fail
7,66,63,73,6,No,No,Pass
9,61,59,38,6,Yes,No,Pass
4,71,48,66,7,No,No,Pass
4,66,60,65,4,Yes,Yes,Pass
6,59,89,57,6,Yes,Yes,Pass
3,50,89,71,8,No,Yes,Pass
6,71,48,72,8,Yes,No,Pass
7,75,78,71,9,Yes,No,Pass
3,67,92,95,7,Yes,Yes,Pass
7,99,51,84,4,No,No,Pass
3,63,53,77,4,Yes,No,Pass
2,96,59,51,9,No,Yes,Pass
4,78,87,56,8,No,Yes,Pass
8,61,60,96,5,Yes,No,Pass
9,85,93,42,7,Yes,No,Pass
7,84,48,74,9,No,No,Pass
1,61,77,39,7,No,Yes,Fail
3,56,74,38,8,Yes,Yes,Fail
9,78,84,83,8,Yes,Yes,Pass
1,60,84,56,5,No,Yes,Fail
9,82,47,63,5,No,Yes,Pass
8,55,92,30,4,No,No,Pass
1,96,76,61,7,No,No,Pass
6,64,86,100,7,No,No,Pass
5,81,74,96,8,Yes,Yes,Pass
6,100,62,49,4,No,Yes,Pass
5,60,46,64,9,No,Yes,Pass
6,72,99,46,7,Yes,No,Pass
5,75,33,47,4,Yes,Yes,Pass
5,83,49,74,4,No,Yes,Pass
4,95,76,82,8,No,No,Pass
3,83,44,97,4,Yes,Yes,Pass
3,78,99,94,5,No,No,Pass
4,53,76,30,5,No,Yes,Pass
9,66,38,87,6,Yes,Yes,Pass
2,84,45,55,8,No,No,Fail
9,62,98,49,9,Yes,No,Pass
1,90,90,39,6,Yes,No,Pass
1,88,39,88,5,Yes,No,Fail
5,64,79,70,6,Yes,No,Pass
6,78,32,34,8,No,No,Pass
6,78,99,94,8,Yes,Yes,Pass
3,60,80,46,4,No,Yes,Pass
7,81,48,51,7,No,No,Pass
9,51,71,70,4,No,Yes,Pass
8,96,64,97,8,No,No,Pass
6,63,75,98,5,No,Yes,Pass
8,69,55,40,9,Yes,No,Pass
5,71,98,85,5,Yes,Yes,Pass
8,60,93,80,4,Yes,Yes,Pass
4,76,66,50,9,Yes,Yes,Pass
8,52,78,55,8,No,Yes,Pass
2,66,50,48,5,Yes,Yes,Fail
5,93,93,89,8,No,No,Pass
9,77,34,100,9,No,No,Pass
4,78,99,76,9,Yes,No,Pass
6,70,33,100,5,Yes,Yes,Pass
1,96,68,55,8,Yes,No,Pass
9,65,64,69,6,Yes,Yes,Pass
1,86,30,34,8,No,Yes,Fail
5,69,53,50,9,No,Yes,Pass
4,55,86,33,8,Yes,No,Pass
3,68,99,52,4,No,Yes,Pass
6,54,70,44,6,No,No,Pass
2,52,83,37,7,No,No,Fail
3,50,75,70,4,Yes,Yes,Pass
5,87,89,48,7,No,Yes,Pass
9,64,89,75,5,Yes,No,Pass
2,83,86,57,7,Yes,No,Pass
8,84,60,97,8,No,No,Pass
2,98,53,44,7,No,No,Fail
5,74,65,66,9,Yes,No,Pass
7,73,59,30,4,No,No,Pass
8,61,53,96,4,No,Yes,Pass
1,67,59,53,7,Yes,No,Fail
6,64,36,56,4,Yes,No,Pass
1,93,64,69,9,Yes,No,Pass
2,65,84,92,4,Yes,No,Pass
1,76,43,90,7,No,Yes,Fail
5,57,39,65,6,No,Yes,Pass
9,95,45,53,6,Yes,No,Pass
6,74,83,53,5,Yes,No,Pass
1,66,99,33,4,Yes,No,Pass
1,78,73,96,7,No,Yes,Pass
2,57,74,63,4,Yes,Yes,Fail
9,64,85,86,8,No,Yes,Pass
3,76,86,78,9,Yes,Yes,Pass
1,95,50,82,4,Yes,Yes,Fail
5,99,97,52,4,Yes,Yes,Pass
7,56,79,98,6,No,No,Pass
6,52,62,82,9,No,Yes,Pass
1,78,36,91,7,No,Yes,Fail
5,93,99,70,4,Yes,No,Pass
5,73,44,86,6,No,Yes,Pass
6,52,61,89,5,No,No,Pass
3,69,49,83,9,Yes,Yes,Pass
5,95,44,99,6,Yes,No,Pass
7,64,77,86,6,No,No,Pass
5,74,100,39,6,No,No,Pass
5,79,50,69,4,No,No,Pass
5,63,71,36,4,No,No,Pass
3,56,55,67,5,Yes,Yes,Fail
1,66,43,90,8,Yes,Yes,Fail
5,93,86,32,8,Yes,No,Pass
9,69,66,80,8,No,No,Pass
1,85,87,76,9,No,No,Pass
3,58,50,97,9,Yes,Yes,Pass
4,87,98,67,5,Yes,No,Pass
1,97,32,65,9,No,No,Fail
1,71,66,70,8,No,No,Fail
8,51,78,98,8,Yes,No,Pass
2,73,48,42,6,Yes,Yes,Fail
8,57,41,87,9,Yes,No,Pass
7,60,90,79,4,No,No,Pass
2,62,70,59,4,No,Yes,Fail
6,66,62,91,6,No,No,Pass
6,57,79,54,6,No,No,Pass
3,70,97,56,6,No,Yes,Pass
2,67,100,80,4,No,Yes,Pass
1,79,62,86,8,Yes,Yes,Pass
6,67,53,76,6,Yes,No,Pass
5,95,90,68,5,No,No,Pass
9,96,90,45,6,Yes,Yes,Pass
1,80,57,51,7,No,Yes,Fail
7,87,87,83,6,Yes,Yes,Pass
5,81,72,50,4,No,No,Pass
5,60,70,45,9,Yes,No,Pass
2,94,68,88,6,Yes,Yes,Pass
3,74,78,60,9,No,No,Pass
7,82,46,71,7,No,Yes,Pass
6,87,99,61,5,Yes,No,Pass
2,90,99,88,9,Yes,No,Pass
6,57,94,63,8,No,No,Pass
2,60,34,38,6,Yes,No,Fail
2,71,31,40,7,No,Yes,Fail
2,100,51,39,7,No,No,Fail
3,73,86,46,9,Yes,No,Pass
2,90,95,97,5,No,Yes,Pass
4,66,45,77,4,Yes,No,Pass
9,61,80,81,6,Yes,Yes,Pass
6,95,68,54,7,No,Yes,Pass
1,81,69,50,5,Yes,No,Fail
8,64,67,94,8,No,No,Pass
7,65,89,92,7,No,Yes,Pass
3,71,88,80,5,No,Yes,Pass
1,77,39,65,4,Yes,Yes,Fail
5,69,93,95,4,No,No,Pass
4,82,92,44,7,Yes,Yes,Pass
8,59,78,68,7,No,Yes,Pass
1,89,93,99,9,No,Yes,Pass
1,81,61,30,6,No,No,Fail
4,99,36,52,5,Yes,Yes,Pass
8,82,50,68,7,Yes,No,Pass
5,51,49,86,6,No,No,Pass
2,82,55,63,9,No,Yes,Fail
6,82,97,70,6,Yes,No,Pass
5,90,44,42,7,Yes,Yes,Pass
2,62,43,99,4,Yes,No,Fail
3,79,56,35,5,No,No,Fail
9,82,69,81,5,Yes,Yes,Pass
7,62,87,32,4,No,Yes,Pass
7,75,57,92,7,Yes,Yes,Pass
6,71,55,78,5,No,No,Pass
8,88,92,76,7,No,No,Pass
4,51,95,84,9,No,Yes,Pass
8,87,54,93,7,Yes,Yes,Pass
4,88,32,94,6,Yes,No,Pass
8,75,73,96,4,Yes,No,Pass
9,95,71,44,7,No,No,Pass
3,99,35,61,9,No,Yes,Pass
3,64,68,97,8,Yes,No,Pass
2,83,81,47,4,No,Yes,Pass
3,91,52,72,5,No,No,Pass
3,93,79,64,6,No,No,Pass
5,98,72,87,5,Yes,Yes,Pass
5,89,48,62,9,No,Yes,Pass
2,60,98,43,9,Yes,Yes,Pass
6,52,80,63,5,Yes,No,Pass
5,55,40,90,4,Yes,No,Pass
6,58,41,33,5,Yes,No,Pass
1,55,37,88,7,Yes,Yes,Fail
5,58,53,58,5,No,No,Pass
9,88,70,35,6,Yes,Yes,Pass
2,80,65,78,6,Yes,Yes,Pass
1,81,84,69,8,Yes,Yes,Pass
9,90,38,94,6,No,No,Pass
9,99,76,98,5,No,No,Pass
9,61,44,56,6,No,Yes,Pass
6,57,77,35,4,No,No,Pass
8,57,71,42,6,Yes,Yes,Pass
1,99,89,93,7,Yes,Yes,Pass
4,77,99,91,4,No,No,Pass
1,69,41,48,8,No,Yes,Fail
8,96,31,72,7,No,Yes,Pass
1,56,36,49,5,No,No,Fail
3,60,32,97,5,Yes,Yes,Fail
4,69,32,73,5,No,Yes,Fail
8,65,56,52,7,No,Yes,Pass
6,53,69,31,7,No,Yes,Pass
7,55,62,51,7,No,Yes,Pass
8,71,30,86,4,No,Yes,Pass
2,75,37,36,9,No,Yes,Fail
8,52,61,85,4,No,No,Pass
3,90,77,96,5,Yes,No,Pass
7,91,33,45,9,Yes,Yes,Pass
3,63,99,80,6,Yes,Yes,Pass
7,60,48,41,5,Yes,No,Pass
2,67,61,82,8,Yes,No,Pass
6,61,38,34,4,Yes,No,Pass
3,72,41,56,7,No,No,Fail
3,61,40,41,4,No,No,Fail
9,62,75,46,7,Yes,Yes,Pass
7,74,45,35,9,No,No,Pass
5,94,30,34,8,Yes,No,Pass
7,100,92,86,9,No,No,Pass
9,68,50,57,8,No,Yes,Pass
1,95,59,98,4,No,Yes,Pass
7,85,42,88,7,No,Yes,Pass
6,94,63,62,9,No,Yes,Pass
9,57,33,91,8,No,Yes,Pass
1,78,57,79,5,Yes,Yes,Fail
4,81,88,48,5,Yes,No,Pass
9,100,56,98,9,No,Yes,Pass
4,93,98,95,7,Yes,Yes,Pass
3,67,54,76,9,No,No,Pass
9,55,32,68,4,Yes,Yes,Pass
2,67,97,97,8,No,No,Pass
4,68,54,62,4,Yes,No,Pass
6,71,49,42,5,No,Yes,Pass
2,86,63,83,8,Yes,No,Pass
8,81,55,36,9,No,No,Pass
8,90,34,43,4,Yes,No,Pass
1,52,90,48,6,No,No,Fail
3,77,38,83,7,No,Yes,Fail
9,59,79,49,7,No,No,Pass
5,100,35,58,6,Yes,Yes,Pass
6,84,89,53,5,Yes,No,Pass
4,78,73,92,8,Yes,No,Pass
2,64,40,86,7,No,No,Fail
8,82,95,37,6,Yes,Yes,Pass
6,56,76,91,9,No,Yes,Pass
5,61,32,58,6,Yes,Yes,Fail
9,98,59,46,5,Yes,No,Pass
1,79,50,95,5,Yes,No,Fail
5,70,57,35,4,Yes,No,Pass
6,80,91,87,7,No,No,Pass
5,73,62,98,4,Yes,Yes,Pass
6,69,64,57,6,Yes,No,Pass
6,86,81,91,8,No,Yes,Pass
7,53,63,70,8,No,No,Pass
4,77,70,98,5,Yes,Yes,Pass
8,93,80,70,8,Yes,Yes,Pass
7,69,76,78,8,No,No,Pass
9,73,87,78,8,No,No,Pass
7,99,86,100,6,No,Yes,Pass
3,98,52,32,8,Yes,No,Pass
3,100,77,39,9,Yes,No,Pass
8,81,51,64,8,Yes,Yes,Pass
5,90,46,31,8,No,Yes,Pass
4,85,98,53,4,No,Yes,Pass
8,83,40,67,6,No,Yes,Pass
6,85,44,51,5,Yes,No,Pass
2,51,64,55,4,No,Yes,Fail
4,64,62,72,7,Yes,Yes,Pass
4,83,45,84,6,No,Yes,Pass
6,85,63,68,9,Yes,No,Pass
6,55,95,58,6,Yes,Yes,Pass
1,88,69,49,7,No,No,Fail
8,91,57,70,7,Yes,Yes,Pass
6,100,76,83,7,No,Yes,Pass
3,100,68,49,5,Yes,No,Pass
9,61,99,48,8,No,Yes,Pass
2,52,49,95,6,No,Yes,Fail
8,94,30,59,8,Yes,No,Pass
3,67,92,82,8,No,Yes,Pass
5,89,96,63,9,Yes,Yes,Pass
6,70,33,51,7,No,Yes,Pass
6,64,87,96,5,No,Yes,Pass
4,82,54,35,9,No,No,Pass
3,84,76,56,4,No,Yes,Pass
4,75,67,39,5,Yes,No,Pass
1,57,44,77,8,No,Yes,Fail
4,85,92,99,5,No,No,Pass
1,97,50,88,7,Yes,Yes,Pass
1,79,86,88,4,Yes,No,Pass
6,72,82,31,7,Yes,Yes,Pass
5,91,75,58,4,Yes,No,Pass
4,93,43,97,9,Yes,No,Pass
3,63,46,94,8,Yes,Yes,Pass
1,63,68,55,4,No,No,Fail
6,51,38,39,4,Yes,Yes,Fail
2,86,35,82,4,No,Yes,Fail
8,54,52,88,5,Yes,Yes,Pass
5,87,88,51,9,No,Yes,Pass
7,94,75,80,5,No,Yes,Pass
2,90,67,77,8,No,No,Pass
8,96,43,50,4,Yes,Yes,Pass
2,63,91,51,9,Yes,Yes,Pass
4,88,64,59,9,Yes,Yes,Pass
1,74,48,54,6,Yes,Yes,Fail
5,69,59,57,8,No,Yes,Pass
9,51,54,94,9,Yes,Yes,Pass
1,88,69,74,4,No,No,Pass
9,55,43,97,4,No,No,Pass
8,66,55,36,9,Yes,Yes,Pass
6,74,51,78,5,Yes,No,Pass
7,77,77,38,8,Yes,Yes,Pass
3,51,80,65,4,No,Yes,Pass
1,84,32,30,9,Yes,Yes,Fail
5,86,71,39,4,No,Yes,Pass
2,54,48,65,9,Yes,Yes,Fail
5,50,57,75,8,No,No,Pass
8,89,74,61,9,Yes,No,Pass
9,61,100,61,6,Yes,No,Pass
2,85,92,35,9,No,No,Pass
3,94,48,77,9,Yes,Yes,Pass
3,72,76,67,8,Yes,No,Pass
1,96,43,46,9,Yes,Yes,Fail
8,80,67,56,8,Yes,No,Pass
6,60,82,83,6,Yes,No,Pass
8,59,90,79,8,Yes,No,Pass
9,52,65,64,4,Yes,No,Pass
5,63,69,54,8,No,Yes,Pass
3,65,59,57,6,No,No,Fail
5,59,38,44,7,Yes,No,Fail
5,78,93,33,9,Yes,Yes,Pass
5,59,62,56,8,Yes,Yes,Pass
3,61,81,55,9,No,No,Pass
4,79,43,48,5,No,Yes,Pass
9,90,82,46,4,Yes,Yes,Pass
9,50,88,72,4,No,Yes,Pass
2,54,70,70,5,Yes,No,Fail
8,69,97,71,5,Yes,Yes,Pass
8,57,97,79,8,Yes,No,Pass
7,92,37,69,5,Yes,No,Pass
8,61,31,68,7,No,No,Pass
3,50,70,52,9,No,No,Fail
6,69,84,81,9,Yes,Yes,Pass
1,77,45,76,6,No,No,Fail
7,92,91,92,5,No,Yes,Pass
1,86,77,98,5,Yes,No,Pass
9,96,59,72,7,No,Yes,Pass
1,86,41,77,4,Yes,No,Fail
1,61,64,63,4,Yes,Yes,Fail
7,86,40,69,9,Yes,No,Pass
2,98,93,90,9,Yes,No,Pass
5,98,79,79,8,No,Yes,Pass
8,93,50,96,7,Yes,No,Pass
8,77,98,91,6,No,No,Pass
3,96,77,87,6,Yes,No,Pass
7,64,49,62,7,Yes,Yes,Pass
3,55,96,45,6,No,No,Pass
6,93,73,77,4,Yes,No,Pass
6,69,62,39,6,No,Yes,Pass
3,99,90,67,6,No,Yes,Pass
7,63,38,48,7,Yes,Yes,Pass
3,51,97,65,7,Yes,Yes,Pass
8,58,64,88,6,Yes,Yes,Pass
4,86,94,92,5,Yes,No,Pass
1,69,37,75,7,Yes,No,Fail
4,75,74,32,8,Yes,No,Pass
7,78,76,94,8,No,Yes,Pass
4,50,69,37,4,No,No,Pass
6,84,83,80,6,Yes,Yes,Pass
9,55,75,35,5,No,Yes,Pass
1,86,76,68,4,No,No,Pass
5,54,44,89,6,Yes,Yes,Pass
7,82,48,57,7,Yes,Yes,Pass
1,98,55,83,8,No,No,Pass
4,100,81,66,9,Yes,Yes,Pass
6,63,51,38,5,No,Yes,Pass
2,61,50,85,9,Yes,No,Fail
5,91,80,88,8,No,Yes,Pass
1,69,67,31,9,No,Yes,Fail
6,99,49,90,7,No,No,Pass
6,73,58,87,6,No,No,Pass
4,92,80,89,7,Yes,No,Pass
8,83,33,69,9,Yes,No,Pass
4,74,84,65,7,No,Yes,Pass
8,99,100,66,8,No,Yes,Pass
8,78,57,47,5,Yes,No,Pass
5,88,33,92,7,Yes,Yes,Pass
4,80,51,51,8,No,Yes,Pass
2,96,74,40,5,No,No,Pass
3,92,96,87,6,No,No,Pass
3,99,95,86,9,No,Yes,Pass
4,72,63,33,6,No,No,Pass
4,93,84,36,4,Yes,No,Pass
5,87,30,90,8,No,No,Pass
4,69,67,83,5,Yes,Yes,Pass
8,72,35,97,7,Yes,No,Pass
6,94,54,30,6,Yes,Yes,Pass
6,65,46,84,5,No,Yes,Pass
8,99,90,32,8,Yes,Yes,Pass
7,91,41,67,4,Yes,No,Pass
8,57,35,30,6,Yes,No,Pass
2,99,56,67,9,Yes,No,Pass
9,70,37,58,5,No,No,Pass
1,50,94,34,9,No,No,Fail
8,57,86,50,5,Yes,Yes,Pass
4,78,69,100,5,Yes,Yes,Pass
4,81,43,96,8,No,Yes,Pass
5,87,64,76,8,No,No,Pass
8,54,77,64,8,No,Yes,Pass
5,96,85,97,7,Yes,Yes,Pass
8,71,78,98,5,No,No,Pass
1,96,42,30,6,Yes,No,Fail
9,83,90,97,9,Yes,Yes,Pass
6,50,78,41,8,No,Yes,Pass
3,75,75,89,8,Yes,No,Pass
8,92,91,56,9,No,No,Pass
9,59,37,85,9,Yes,No,Pass
6,79,72,52,5,No,No,Pass
7,99,49,54,8,Yes,Yes,Pass
1,67,68,50,9,Yes,Yes,Fail
5,66,78,90,7,No,No,Pass
5,75,93,92,7,No,Yes,Pass
4,57,91,81,8,No,Yes,Pass
6,96,83,54,9,No,No,Pass
7,89,38,84,5,Yes,Yes,Pass
9,98,66,75,5,No,Yes,Pass
1,61,78,61,5,No,Yes,Fail
6,76,70,84,4,Yes,No,Pass
7,57,46,34,8,No,No,Pass
3,74,50,65,5,No,Yes,Pass
8,95,80,78,7,Yes,No,Pass
5,53,88,87,9,No,No,Pass
9,82,68,68,6,No,No,Pass
5,50,84,90,6,No,Yes,Pass
9,68,70,38,5,No,Yes,Pass
4,80,68,35,6,No,No,Pass
9,65,42,64,6,No,Yes,Pass
5,63,93,68,4,Yes,Yes,Pass
9,97,40,51,7,No,Yes,Pass
3,54,48,70,7,Yes,Yes,Fail
4,90,40,34,4,Yes,Yes,Fail
9,75,75,71,4,Yes,No,Pass
6,77,74,96,6,Yes,Yes,Pass
2,51,30,59,8,No,Yes,Fail
7,99,69,86,9,No,Yes,Pass
2,55,48,58,9,No,No,Fail
2,58,90,66,6,Yes,No,Pass
1,82,41,42,9,No,No,Fail
3,90,90,61,4,No,Yes,Pass
6,74,62,75,7,No,No,Pass
8,97,74,52,9,Yes,No,Pass
9,62,98,74,6,Yes,No,Pass
7,58,37,46,8,No,No,Pass
4,62,54,95,6,Yes,Yes,Pass
6,80,75,35,5,Yes,No,Pass
5,90,59,47,6,No,No,Pass
8,60,76,51,4,Yes,Yes,Pass
1,53,78,62,7,Yes,Yes,Fail
1,83,76,59,7,No,No,Pass
6,87,47,61,9,Yes,Yes,Pass
2,95,95,71,4,Yes,No,Pass
5,53,97,39,5,Yes,Yes,Pass
1,87,62,65,4,Yes,Yes,Fail
7,68,65,63,6,Yes,No,Pass
1,55,48,57,4,Yes,Yes,Fail
4,83,57,40,4,Yes,No,Pass
9,67,69,68,5,Yes,Yes,Pass
1,62,44,76,6,No,No,Fail
4,90,70,48,8,No,Yes,Pass
6,72,68,44,8,No,Yes,Pass
6,68,31,57,7,No,Yes,Pass
8,94,92,53,9,Yes,Yes,Pass
1,60,58,38,4,No,Yes,Fail
7,50,95,76,7,No,No,Pass
1,73,80,62,5,Yes,Yes,Pass
7,56,39,91,8,Yes,No,Pass
3,74,43,48,4,Yes,No,Fail
8,70,80,96,5,Yes,No,Pass
3,64,68,69,9,Yes,Yes,Pass
1,50,57,76,5,No,No,Fail
8,61,32,94,4,Yes,Yes,Pass
3,56,99,58,9,No,No,Pass
2,64,56,79,5,No,No,Fail
1,70,31,42,9,Yes,No,Fail
3,68,67,30,4,No,No,Fail
2,78,32,63,4,No,No,Fail
2,74,45,77,9,Yes,Yes,Fail
6,82,69,77,6,No,No,Pass
1,98,31,78,7,No,No,Fail
2,81,70,93,5,No,Yes,Pass
6,98,41,90,5,Yes,Yes,Pass
3,84,64,58,6,Yes,Yes,Pass
4,93,94,68,6,Yes,No,Pass
1,87,84,55,6,No,No,Pass
8,75,74,46,8,Yes,No,Pass
7,60,91,100,8,No,No,Pass
7,84,78,42,9,Yes,No,Pass
3,57,54,98,8,No,No,Pass
3,95,52,55,4,Yes,Yes,Pass
2,63,53,78,9,Yes,Yes,Fail
1,59,67,96,5,No,No,Fail
7,51,57,36,7,Yes,No,Pass
7,95,50,87,4,No,No,Pass
2,58,83,78,5,Yes,No,Pass
7,52,47,82,5,Yes,No,Pass
8,70,65,94,9,No,Yes,Pass
1,75,74,91,6,No,Yes,Pass
9,57,82,46,6,No,No,Pass
7,97,59,72,4,Yes,Yes,Pass
3,51,89,54,6,No,No,Pass
